<?xml version="1.0" encoding="UTF-8" standalone="yes"?>
<addon id="plugin.video.open_sap" name="OpenSAP" version="0.1.0" provider-name="dh4rry">
    <requires>
        <import addon="xbmc.python" version="2.1.0"/>
        <import addon="script.module.requests" version="2.12.4"/>
    <import addon="script.module.routing" version="0.2.0"/>
        <import addon="script.module.beautifulsoup4" version="4.3.2"/>
        </requires>
    <extension point="xbmc.python.pluginsource" library="default.py">
        <provides>video</provides>
    </extension>
  <extension point="xbmc.addon.metadata">
		<summary lang="en">OpenSAP</summary>
		<summary lang="de">OpenSAP</summary>
		<description lang="en">OpenSAP Course open.sap.com</description>
		<description lang="de">OpenSAP Kurse open.sap.com</description>
		<disclaimer lang="en"></disclaimer>
    <website></website>
    <license>GNU GENERAL PUBLIC LICENSE. Version 2, June 1991</license>
    <forum></forum>
    <platform>all</platform>
  </extension>
</addon>
