<?xml version="1.0" encoding="UTF-8"?>
<addon id="plugin.video.popcorntimes" version="1.0.4" name="Popcorntimes.tv" provider-name="dh4rry">
<requires>
<import addon="xbmc.python" version="2.1.0"/>
<import addon="script.module.requests" version="2.12.4"/>
<import addon="script.module.beautifulsoup4" version="4.3.2"/>
</requires>
<extension point="xbmc.python.pluginsource" library="main.py">
  <provides>video</provides>
</extension>
<extension point="xbmc.addon.metadata">
  <summary lang="de">Video plugin für popcorntimes.tv</summary>
  <description lang="de_DE">Video plugin für popcorntimes.tv</description>
  <disclaimer lang="de_DE">Video plugin für popcorntimes.tv</disclaimer>
  <assets>
    <icon>icon.png</icon>
  </assets>
</extension>
</addon>
